<profile version="1.0">
  <option name="myName" value="Default" />
  <inspection_tool class="Eslint" enabled="true" level="WARNING" enabled_by_default="true" />
  <inspection_tool class="PyUnresolvedReferencesInspection" enabled="true" level="WARNING" enabled_by_default="true">
    <option name="ignoredIdentifiers">
      <list>
        <option value="tensorflow.contrib.training.python.training.hparam.HParams.n_ctx" />
        <option value="alchemist.models.db.NewsArticle.has" />
      </list>
    </option>
  </inspection_tool>
</profile>