<application>
  <component name="FileTypeManager" version="18">
    <ignoreFiles list="*$py.class;*.pyc;*.pyo;*.rbc;*.yarb;*~;.DS_Store;.git;.hg;.svn;CVS;__pycache__;_svn;vssver.scc;vssver2.scc" />
    <extensionMap>
      <mapping pattern=".python-version" type="PLAIN_TEXT" />
      <mapping pattern=".pylintrc" type="PLAIN_TEXT" />
      <mapping pattern=".keep" type="PLAIN_TEXT" />
      <mapping pattern=".coveragerc" type="PLAIN_TEXT" />
      <mapping pattern="language_2" type="PLAIN_TEXT" />
      <mapping ext="d" type="PLAIN_TEXT" />
      <mapping ext="j2" type="PLAIN_TEXT" />
      <mapping ext="conf" type="nginx" />
      <removed_mapping ext="ignore" approved="true" type="IgnoreLang file" />
      <removed_mapping ext="txt" approved="true" type="PLAIN_TEXT" />
      <removed_mapping pattern=".dockerignore" approved="true" type="Docker File" />
    </extensionMap>
  </component>
</application>